,point,location
0,A,"[40.195708815570825, -80.35133117440083]"
1,B,"[40.6744863735446, -79.69366769575531]"
